id,first_name,last_name,email,gender,ip_address
1,Norbie,Wrassell,nwrassell0@bbc.co.uk,Male,201.234.222.219
2,Tybalt,Covendon,tcovendon1@indiegogo.com,Male,90.113.205.35
3,Elyn,Volk,evolk2@umich.edu,Female,254.131.69.38
4,Todd,Carriage,tcarriage3@youku.com,Male,242.31.116.66
5,Pryce,Brookzie,pbrookzie4@dmoz.org,Agender,212.63.28.128
6,Kamilah,Rispin,krispin5@twitter.com,Female,115.131.102.123
7,Nata,Benmore,nbenmore6@surveymonkey.com,Female,124.131.65.27
8,Edeline,Cratere,ecratere7@dailymail.co.uk,Female,232.135.207.243
9,Pandora,Peniman,ppeniman8@jalbum.net,Female,58.211.181.131
10,Electra,Lidgley,elidgley9@blogspot.com,Female,228.86.19.160
11,Fredrika,Caller,fcallera@businessinsider.com,Female,129.156.110.13
12,Hale,McCorry,hmccorryb@amazon.co.jp,Male,88.236.118.204
13,Magdaia,Talloe,mtalloec@ovh.net,Female,216.37.241.206
14,Farlie,Whitlam,fwhitlamd@youtu.be,Male,239.243.159.13
15,Wit,Brellin,wbrelline@bloglovin.com,Male,99.38.196.1
16,Barb,Greenwood,bgreenwoodf@twitpic.com,Female,241.113.85.255
17,Nellie,Ainge,naingeg@businessinsider.com,Genderfluid,19.23.188.128
18,Rocky,Clothier,rclothierh@independent.co.uk,Male,74.192.0.240
19,Stanfield,Bendix,sbendixi@marriott.com,Male,170.61.134.150
20,Karalee,Mounch,kmounchj@webmd.com,Female,162.182.166.244
21,Josselyn,Stickens,jstickensk@jiathis.com,Female,87.16.26.222
22,Cristen,Olney,colneyl@unesco.org,Female,9.115.39.114
23,Neil,Corris,ncorrism@slashdot.org,Male,143.87.121.21
24,Tanhya,Benditt,tbendittn@blogtalkradio.com,Female,254.109.167.119
25,Germaine,Bambury,gbamburyo@aol.com,Male,46.38.43.251
26,Valentine,Eaves,veavesp@bluehost.com,Female,228.68.160.6
27,Clevey,Pedican,cpedicanq@goo.ne.jp,Male,182.48.28.206
28,Karalee,McIlmurray,kmcilmurrayr@jalbum.net,Female,96.160.52.145
29,Neda,Dickey,ndickeys@google.de,Female,158.44.236.32
30,Joshia,Burde,jburdet@uiuc.edu,Genderqueer,152.79.6.110
31,Lilias,Limbert,llimbertu@walmart.com,Genderqueer,113.75.61.235
32,Moselle,Bromehead,mbromeheadv@technorati.com,Genderqueer,120.160.50.161
33,Clair,Marmyon,cmarmyonw@abc.net.au,Male,199.201.86.115
34,Gibbie,Huleatt,ghuleattx@rakuten.co.jp,Male,36.86.72.66
35,Mayne,Stealfox,mstealfoxy@cam.ac.uk,Male,58.70.155.231
36,Nowell,Kowal,nkowalz@blogger.com,Male,247.107.59.216
37,Aeriell,Standen,astanden10@dailymail.co.uk,Female,92.34.79.195
38,Debora,Innocent,dinnocent11@msu.edu,Female,236.64.202.243
39,Milly,Daggett,mdaggett12@topsy.com,Female,50.187.133.142
40,Emmaline,Esmead,eesmead13@networkadvertising.org,Female,42.3.131.58
41,Margaret,Styles,mstyles14@netlog.com,Female,1.147.131.245
42,Phyllida,Edie,pedie15@sogou.com,Female,206.24.177.188
43,Matthieu,Colegrove,mcolegrove16@people.com.cn,Male,80.113.244.185
44,Pacorro,Okker,pokker17@wikispaces.com,Male,165.49.197.105
45,Skippy,Cronin,scronin18@sitemeter.com,Male,111.8.25.94
46,Gerianna,McCritichie,gmccritichie19@businesswire.com,Female,252.4.100.209
47,Bradford,Povey,bpovey1a@prlog.org,Male,124.119.14.130
48,Darrick,Bakster,dbakster1b@wordpress.org,Male,44.181.219.20
49,Adelle,McKeran,amckeran1c@baidu.com,Female,235.27.121.87
50,Stephanie,Witherup,switherup1d@exblog.jp,Female,83.134.20.78
51,Sanford,Josephoff,sjosephoff1e@nps.gov,Male,29.2.61.106
52,Kilian,Fincher,kfincher1f@howstuffworks.com,Polygender,167.33.141.80
53,Farleigh,McGann,fmcgann1g@time.com,Non-binary,56.24.204.17
54,Florence,Nutty,fnutty1h@networksolutions.com,Female,209.222.35.61
55,Angele,Broek,abroek1i@storify.com,Female,168.165.218.233
56,Aura,Loding,aloding1j@so-net.ne.jp,Female,61.73.104.35
57,Lonni,Bagster,lbagster1k@weibo.com,Female,11.34.126.38
58,Hercule,Atthowe,hatthowe1l@bbc.co.uk,Male,109.148.43.81
59,Ericka,Perris,eperris1m@canalblog.com,Female,52.53.143.211
60,Sibyl,Scholtz,sscholtz1n@mapquest.com,Female,69.112.25.111
61,Spenser,Pretorius,spretorius1o@gmpg.org,Male,3.212.224.105
62,Claire,Sidwick,csidwick1p@constantcontact.com,Female,128.6.119.159
63,Anderea,Woolfitt,awoolfitt1q@sfgate.com,Female,220.36.93.64
64,Dorelle,Lie,dlie1r@foxnews.com,Female,240.215.186.231
65,Aurore,Hunn,ahunn1s@myspace.com,Female,118.138.246.93
66,Laney,Gipp,lgipp1t@narod.ru,Female,75.164.51.161
67,Marla,Salery,msalery1u@cloudflare.com,Female,235.83.48.75
68,Lev,Kennerknecht,lkennerknecht1v@ezinearticles.com,Male,67.107.210.249
69,Minda,Abram,mabram1w@diigo.com,Female,67.60.13.247
70,Rourke,Dybell,rdybell1x@samsung.com,Male,60.108.254.78
71,Helyn,Cromblehome,hcromblehome1y@narod.ru,Female,33.255.56.135
72,Carolina,Leason,cleason1z@wp.com,Female,8.197.68.208
73,Freddy,McCarlich,fmccarlich20@slideshare.net,Male,237.165.71.94
74,Alissa,Binfield,abinfield21@chronoengine.com,Female,7.59.153.236
75,Irena,Ramshaw,iramshaw22@naver.com,Female,233.238.180.236
76,Chrisy,Semorad,csemorad23@gmpg.org,Male,48.229.244.29
77,Dominique,Debrick,ddebrick24@rakuten.co.jp,Male,101.64.16.160
78,Massimo,Gabbitas,mgabbitas25@bbb.org,Male,162.169.58.114
79,Poppy,MacCostye,pmaccostye26@deviantart.com,Female,138.71.39.83
80,Roosevelt,Streeter,rstreeter27@cbsnews.com,Male,61.179.196.22
81,Teriann,Rintoul,trintoul28@tinypic.com,Female,204.242.93.35
82,Bordy,Dunkersley,bdunkersley29@ocn.ne.jp,Male,165.243.29.45
83,Ogdon,Willcot,owillcot2a@joomla.org,Male,215.104.244.57
84,Kimberli,Crehan,kcrehan2b@booking.com,Female,237.179.220.233
85,Kiele,Gifkins,kgifkins2c@taobao.com,Agender,180.145.100.210
86,Cordy,Wardington,cwardington2d@wufoo.com,Female,204.197.69.227
87,Nesta,Winslet,nwinslet2e@gmpg.org,Female,198.177.182.43
88,Philipa,Matthewson,pmatthewson2f@cafepress.com,Female,51.95.250.192
89,Gavin,Eggleston,geggleston2g@comcast.net,Male,31.248.178.68
90,Eleen,Poure,epoure2h@fda.gov,Genderqueer,35.27.83.84
91,Garvin,Cesconi,gcesconi2i@cargocollective.com,Male,3.229.96.114
92,Kleon,Millhouse,kmillhouse2j@wufoo.com,Male,117.126.30.8
93,Laurence,Demeza,ldemeza2k@wix.com,Male,85.42.164.31
94,Antonius,Tearny,atearny2l@dagondesign.com,Male,178.74.108.73
95,Yvon,Fiveash,yfiveash2m@dailymotion.com,Male,24.20.241.148
96,Carlos,Mulvy,cmulvy2n@technorati.com,Male,218.24.167.122
97,Bryant,MacKellen,bmackellen2o@globo.com,Male,233.172.130.199
98,Rycca,Jachimczak,rjachimczak2p@bbc.co.uk,Female,215.62.229.40
99,Shaw,Arrault,sarrault2q@addtoany.com,Male,57.175.87.198
100,Richy,Assur,rassur2r@boston.com,Male,237.136.117.145
101,Hermy,Bradd,hbradd2s@comsenz.com,Male,227.117.142.142
102,Laurene,Sorrel,lsorrel2t@microsoft.com,Female,83.210.74.60
103,Calv,Monkhouse,cmonkhouse2u@illinois.edu,Male,195.158.99.85
104,Duky,Godbehere,dgodbehere2v@delicious.com,Male,140.245.65.148
105,Evin,Gorgl,egorgl2w@japanpost.jp,Male,31.32.203.25
106,Christie,Radage,cradage2x@vk.com,Male,5.138.195.32
107,Daryn,Willimont,dwillimont2y@mozilla.com,Female,108.213.101.252
108,Marie-jeanne,Jobling,mjobling2z@tinypic.com,Female,229.14.158.37
109,Sonnie,Checcucci,scheccucci30@bing.com,Female,154.2.93.133
110,Sabina,Impy,simpy31@ft.com,Female,3.160.216.127
111,Waylin,Verissimo,wverissimo32@nydailynews.com,Male,75.37.10.126
112,Emory,Purkins,epurkins33@sitemeter.com,Male,115.83.64.69
113,Eartha,Viollet,eviollet34@soup.io,Bigender,22.140.91.15
114,Winfred,Matuszkiewicz,wmatuszkiewicz35@purevolume.com,Male,108.21.113.103
115,Willyt,De Pero,wdepero36@cafepress.com,Female,31.241.79.252
116,Leia,Chasson,lchasson37@smugmug.com,Female,247.82.246.47
117,Roxanne,Cuckoo,rcuckoo38@census.gov,Female,83.175.36.232
118,Sallee,Noon,snoon39@stumbleupon.com,Bigender,164.89.61.102
119,Thomas,Magrane,tmagrane3a@topsy.com,Male,65.49.198.212
120,Nicolea,Falls,nfalls3b@fema.gov,Female,85.155.97.91
121,Skyler,O'Cooney,socooney3c@printfriendly.com,Male,68.54.40.144
122,Abra,Burg,aburg3d@jimdo.com,Female,234.222.175.210
123,Iona,Yanov,iyanov3e@ox.ac.uk,Bigender,194.25.51.90
124,Cherianne,Epsly,cepsly3f@examiner.com,Female,149.146.217.172
125,Rozella,Jeromson,rjeromson3g@hao123.com,Polygender,152.116.232.17
126,Philis,Paolicchi,ppaolicchi3h@telegraph.co.uk,Female,162.153.15.215
127,Padgett,Klimaszewski,pklimaszewski3i@goodreads.com,Male,15.70.252.219
128,Kimble,Perott,kperott3j@hc360.com,Male,141.7.118.133
129,Dun,Bulfield,dbulfield3k@businesswire.com,Male,159.148.114.73
130,Nathalie,Cahalan,ncahalan3l@nba.com,Female,128.64.189.149
131,Gardener,Huckel,ghuckel3m@state.gov,Male,13.174.86.236
132,Shanan,Tubridy,stubridy3n@fema.gov,Male,234.227.211.198
133,Mattie,Oiller,moiller3o@admin.ch,Male,161.51.141.1
134,Gabbie,Gradly,ggradly3p@ezinearticles.com,Male,28.126.214.10
135,L;urette,Clerke,lclerke3q@newyorker.com,Female,11.107.92.2
136,Fianna,Swayne,fswayne3r@businessinsider.com,Female,239.194.147.182
137,Kerrie,Nyssens,knyssens3s@nba.com,Bigender,166.250.52.206
138,Adria,Elven,aelven3t@uol.com.br,Female,199.236.135.198
139,Che,Crossman,ccrossman3u@uiuc.edu,Male,135.112.147.90
140,Catie,Szanto,cszanto3v@dot.gov,Female,130.25.195.100
141,Penrod,Uppett,puppett3w@instagram.com,Male,101.129.250.234
142,Louie,Jenking,ljenking3x@google.com.au,Male,110.170.128.163
143,Graig,Van't Hoff,gvanthoff3y@adobe.com,Male,97.189.172.246
144,Marleen,Flaunders,mflaunders3z@nydailynews.com,Female,200.45.230.115
145,Garrard,Caughtry,gcaughtry40@fema.gov,Male,133.74.41.136
146,Brigitte,Lysaght,blysaght41@artisteer.com,Female,115.45.90.142
147,Robbyn,Gergely,rgergely42@pbs.org,Female,52.168.150.235
148,Candide,Balcock,cbalcock43@php.net,Female,85.144.207.215
149,Ebenezer,Blindermann,eblindermann44@spotify.com,Genderqueer,70.63.43.50
150,Les,Shelsher,lshelsher45@tinypic.com,Bigender,247.237.55.168
151,Jeromy,Millington,jmillington46@soundcloud.com,Male,216.59.216.136
152,Yoshi,Izzatt,yizzatt47@blinklist.com,Genderqueer,68.187.3.167
153,Tulley,Connikie,tconnikie48@buzzfeed.com,Male,185.57.140.157
154,Fannie,Labba,flabba49@sakura.ne.jp,Non-binary,198.208.106.22
155,Luce,Brammall,lbrammall4a@miitbeian.gov.cn,Male,57.124.164.138
156,Bruno,Gurnee,bgurnee4b@slashdot.org,Genderqueer,136.141.87.88
157,Joycelin,Flintoffe,jflintoffe4c@go.com,Female,125.163.129.234
158,Morrie,Hoyt,mhoyt4d@deviantart.com,Male,174.116.182.112
159,Amalita,Allnutt,aallnutt4e@unblog.fr,Female,204.117.94.81
160,Rebeca,Cuniffe,rcuniffe4f@nasa.gov,Female,119.13.70.62
161,Karlen,Grestye,kgrestye4g@illinois.edu,Female,24.58.227.208
162,Kristy,Careless,kcareless4h@fc2.com,Female,141.169.185.166
163,Debra,Schild,dschild4i@hhs.gov,Female,69.51.236.5
164,Freeman,Forbes,fforbes4j@fema.gov,Male,74.204.16.38
165,Tybie,Moreby,tmoreby4k@privacy.gov.au,Female,248.208.83.200
166,Reeba,Muir,rmuir4l@wufoo.com,Female,253.50.0.117
167,Cherye,Mazella,cmazella4m@independent.co.uk,Female,77.48.14.120
168,Orly,Ceci,oceci4n@prlog.org,Female,74.47.85.108
169,Ortensia,Davidavidovics,odavidavidovics4o@slate.com,Female,222.90.29.32
170,Sol,Memmory,smemmory4p@ted.com,Male,218.115.92.74
171,Mariann,Aynold,maynold4q@phpbb.com,Female,184.236.235.181
172,Nannette,Wimlet,nwimlet4r@imdb.com,Female,113.100.17.0
173,Caroline,Tunmore,ctunmore4s@examiner.com,Female,4.239.71.231
174,Lisle,Harmon,lharmon4t@census.gov,Male,195.86.232.173
175,Walden,Wilton,wwilton4u@abc.net.au,Male,194.201.50.66
176,Lazaro,Burnall,lburnall4v@hatena.ne.jp,Male,15.251.101.202
177,Humfried,Labbati,hlabbati4w@who.int,Male,236.214.6.225
178,Ailee,Kilgrew,akilgrew4x@google.com,Female,90.223.63.92
179,Hunfredo,Dales,hdales4y@google.ru,Male,96.193.203.62
180,Turner,Billingsly,tbillingsly4z@ustream.tv,Male,155.130.212.126
181,Sheba,Rosa,srosa50@bandcamp.com,Female,64.136.104.221
182,Peggy,Eyam,peyam51@naver.com,Female,156.75.193.87
183,Darbie,MacGeaney,dmacgeaney52@google.es,Female,8.39.72.228
184,Nathaniel,Merrikin,nmerrikin53@zdnet.com,Male,88.53.201.62
185,Scottie,Nano,snano54@twitter.com,Male,62.15.95.21
186,Korey,Watkins,kwatkins55@hao123.com,Male,135.78.148.94
187,Kim,Boomes,kboomes56@google.com.au,Male,140.207.247.214
188,Paige,Phifer,pphifer57@nbcnews.com,Genderqueer,91.162.169.62
189,Renado,Dolder,rdolder58@sourceforge.net,Male,162.255.159.49
190,Elbert,Bains,ebains59@yahoo.co.jp,Male,135.163.72.106
191,Bernhard,Luberto,bluberto5a@google.it,Male,180.237.247.85
192,Sandro,Trighton,strighton5b@tripadvisor.com,Male,148.247.11.53
193,Orelle,Segoe,osegoe5c@yellowbook.com,Female,42.241.187.151
194,Elena,Robison,erobison5d@tamu.edu,Female,153.50.150.142
195,Niel,Mordie,nmordie5e@techcrunch.com,Non-binary,122.88.84.145
196,Algernon,Bazire,abazire5f@shop-pro.jp,Male,106.219.126.35
197,Fair,McSaul,fmcsaul5g@cargocollective.com,Male,27.97.233.102
198,Townsend,Clausner,tclausner5h@hhs.gov,Male,89.122.124.13
199,Colas,Ponten,cponten5i@narod.ru,Male,171.43.133.194
200,Winfield,Jugging,wjugging5j@ed.gov,Male,150.71.156.41
201,Rochella,Voff,rvoff5k@mediafire.com,Female,79.66.112.5
202,Verena,Hassur,vhassur5l@de.vu,Polygender,134.55.223.241
203,Kaye,Lincke,klincke5m@wp.com,Female,23.63.167.120
204,Avery,Iffland,aiffland5n@purevolume.com,Male,85.183.139.44
205,Freddi,Daulton,fdaulton5o@altervista.org,Female,56.186.18.80
206,Florette,Kleine,fkleine5p@youtu.be,Female,228.189.13.234
207,My,Snoddin,msnoddin5q@ca.gov,Male,18.156.99.40
208,Arielle,Brimner,abrimner5r@house.gov,Female,139.222.246.122
209,Artus,Gahagan,agahagan5s@deliciousdays.com,Male,219.168.172.153
210,Faun,Stroobant,fstroobant5t@bluehost.com,Polygender,38.44.12.140
211,Carr,Madge,cmadge5u@admin.ch,Male,38.230.92.176
212,Rochella,Curedale,rcuredale5v@hexun.com,Female,3.32.172.75
213,Ada,Kinsley,akinsley5w@earthlink.net,Female,177.89.48.7
214,Marylee,Schultz,mschultz5x@1688.com,Female,191.19.155.244
215,Pren,Spridgen,pspridgen5y@quantcast.com,Male,213.103.144.193
216,Ellery,Garnsworthy,egarnsworthy5z@furl.net,Male,156.65.219.1
217,Alessandra,Sponton,asponton60@ucsd.edu,Female,80.101.233.18
218,Hermione,Ceci,hceci61@linkedin.com,Female,0.89.78.165
219,Tanya,Schorah,tschorah62@discuz.net,Non-binary,39.249.18.132
220,Dell,Darte,ddarte63@dedecms.com,Male,98.98.57.247
221,Karen,MacCleod,kmaccleod64@si.edu,Female,254.85.199.196
222,Antonin,McHugh,amchugh65@vkontakte.ru,Agender,207.11.198.49
223,Kelley,Queree,kqueree66@360.cn,Male,236.41.208.9
224,Heidi,Stubbings,hstubbings67@macromedia.com,Bigender,79.217.169.113
225,Antin,Corbet,acorbet68@wunderground.com,Male,254.103.35.192
226,Melvyn,Gave,mgave69@archive.org,Male,114.234.50.134
227,Ravi,Nelthorpe,rnelthorpe6a@tiny.cc,Male,79.119.9.160
228,Datha,Webby,dwebby6b@guardian.co.uk,Female,133.245.79.132
229,Hendrik,Rodbourne,hrodbourne6c@jiathis.com,Male,153.225.216.253
230,Tedd,Nelle,tnelle6d@yale.edu,Male,95.62.69.230
231,Mayor,Corish,mcorish6e@clickbank.net,Male,11.227.66.130
232,Anallise,Alfonzo,aalfonzo6f@blogspot.com,Female,216.167.162.74
233,Maris,Freen,mfreen6g@huffingtonpost.com,Female,18.143.65.125
234,Clare,Whitman,cwhitman6h@webeden.co.uk,Male,175.0.80.158
235,Clarisse,Cherrington,ccherrington6i@chronoengine.com,Female,3.211.3.76
236,Kristin,Dallan,kdallan6j@histats.com,Female,210.84.161.51
237,Calypso,Motion,cmotion6k@jalbum.net,Female,33.222.69.234
238,Ronda,Rumsby,rrumsby6l@angelfire.com,Female,176.118.156.40
239,Dacey,Sancho,dsancho6m@rambler.ru,Agender,179.236.32.90
240,Cherri,Fessler,cfessler6n@google.cn,Female,93.151.196.45
241,Dieter,Drover,ddrover6o@de.vu,Male,147.126.72.120
242,Leena,Ferras,lferras6p@ft.com,Female,252.238.170.37
243,Gav,Gee,ggee6q@nymag.com,Male,226.200.235.192
244,Adoree,Griffiths,agriffiths6r@disqus.com,Female,60.22.22.184
245,Daron,Tooth,dtooth6s@techcrunch.com,Female,168.161.37.136
246,Karilynn,Eaden,keaden6t@sogou.com,Female,214.185.209.157
247,Benn,Conroy,bconroy6u@amazon.co.uk,Male,63.178.163.33
248,Rae,Slayford,rslayford6v@npr.org,Female,180.252.241.18
249,Sampson,Lombard,slombard6w@msu.edu,Male,66.50.245.139
250,Stanwood,Tupper,stupper6x@parallels.com,Male,248.134.203.213
251,Dianne,Sibborn,dsibborn6y@plala.or.jp,Female,74.91.7.142
252,Bibbie,Barratt,bbarratt6z@bbc.co.uk,Female,27.255.41.204
253,Geordie,Gebhardt,ggebhardt70@livejournal.com,Male,62.62.141.9
254,Sigismund,Forkan,sforkan71@jimdo.com,Male,178.246.19.251
255,Carrissa,Snel,csnel72@newyorker.com,Female,25.244.211.69
256,Lizette,Bosma,lbosma73@example.com,Female,240.119.108.252
257,Far,Ockendon,fockendon74@uiuc.edu,Male,100.22.211.29
258,Kara,McGennis,kmcgennis75@networksolutions.com,Female,25.253.248.124
259,Magnum,Burborough,mburborough76@moonfruit.com,Male,115.224.139.215
260,Grove,McComas,gmccomas77@mozilla.com,Male,61.202.133.145
261,Natala,Ducrow,nducrow78@spiegel.de,Female,146.158.49.121
262,Lissa,Bortolozzi,lbortolozzi79@narod.ru,Female,120.49.21.93
263,Roxy,Moysey,rmoysey7a@pinterest.com,Female,143.129.92.144
264,Alysa,Abbitt,aabbitt7b@moonfruit.com,Female,36.188.62.111
265,Nickolas,Simonassi,nsimonassi7c@sun.com,Male,157.28.43.85
266,Carleen,Matley,cmatley7d@de.vu,Female,94.216.64.114
267,Rab,Caccavella,rcaccavella7e@istockphoto.com,Male,160.19.163.33
268,Obie,Seczyk,oseczyk7f@businesswire.com,Male,131.185.12.197
269,Lucky,Grivori,lgrivori7g@wordpress.com,Female,203.228.165.94
270,Kylie,Nucator,knucator7h@jimdo.com,Female,97.63.177.80
271,Stephie,Zecchinii,szecchinii7i@japanpost.jp,Female,152.21.9.73
272,Maurits,Ianizzi,mianizzi7j@chicagotribune.com,Male,102.191.2.100
273,Jacinta,Nulty,jnulty7k@state.gov,Female,59.134.70.65
274,Elsinore,Baudinot,ebaudinot7l@amazon.co.uk,Female,111.232.28.187
275,Lita,Critchley,lcritchley7m@blogspot.com,Female,203.37.116.229
276,Sheilah,Waddingham,swaddingham7n@themeforest.net,Female,42.212.37.217
277,Miles,Bambery,mbambery7o@instagram.com,Male,157.138.100.4
278,Tremain,Klimov,tklimov7p@gnu.org,Male,87.25.152.72
279,Genia,Stretton,gstretton7q@economist.com,Female,88.244.122.69
280,Cyrillus,Duval,cduval7r@squidoo.com,Male,43.166.165.252
281,Tremain,Ruppertz,truppertz7s@forbes.com,Male,160.83.70.42
282,Duke,Sievewright,dsievewright7t@engadget.com,Male,8.251.6.68
283,Madge,Coryndon,mcoryndon7u@comsenz.com,Female,192.198.6.224
284,Giulio,Crummy,gcrummy7v@github.io,Male,207.127.117.252
285,Susann,Bome,sbome7w@indiatimes.com,Female,172.69.89.171
286,Toni,Dawe,tdawe7x@prnewswire.com,Female,208.185.70.137
287,Dorice,Gallard,dgallard7y@naver.com,Female,135.214.145.88
288,Biddie,Klass,bklass7z@wisc.edu,Bigender,235.80.72.20
289,Chrystel,Simioni,csimioni80@woothemes.com,Female,52.255.227.243
290,Oswell,Rowaszkiewicz,orowaszkiewicz81@wired.com,Male,197.238.191.50
291,Karine,Vedeneev,kvedeneev82@imgur.com,Female,159.231.162.200
292,Abbie,Croce,acroce83@webnode.com,Agender,90.184.136.150
293,Lauritz,Dilston,ldilston84@blogtalkradio.com,Male,185.57.105.158
294,Dallis,Batterton,dbatterton85@github.io,Male,8.192.198.254
295,Ardelia,Frankiss,afrankiss86@t.co,Female,189.196.66.170
296,Brade,McMylor,bmcmylor87@google.com,Male,147.90.114.45
297,Jemimah,Mottram,jmottram88@nhs.uk,Female,162.199.112.144
298,Yancy,Karslake,ykarslake89@webmd.com,Male,179.243.30.45
299,Wilden,Pranger,wpranger8a@storify.com,Male,156.163.48.16
300,Rufus,Farfolomeev,rfarfolomeev8b@youtube.com,Male,210.25.230.140
301,Roddie,Akitt,rakitt8c@wunderground.com,Genderqueer,108.200.191.29
302,Sumner,Ferber,sferber8d@answers.com,Male,138.48.209.24
303,Job,Blench,jblench8e@ca.gov,Male,212.201.46.120
304,Sander,O'Dowling,sodowling8f@xinhuanet.com,Male,6.143.132.151
305,Aile,Chapellow,achapellow8g@networkadvertising.org,Female,209.84.153.130
306,Trudi,Redmell,tredmell8h@scientificamerican.com,Female,103.235.71.182
307,Valerye,Cluney,vcluney8i@4shared.com,Female,39.221.28.100
308,Teddi,Barge,tbarge8j@ihg.com,Female,121.119.220.231
309,Hewitt,Boules,hboules8k@harvard.edu,Male,78.124.224.171
310,Esme,Dockrell,edockrell8l@senate.gov,Female,217.60.5.190
311,Foss,Shellcross,fshellcross8m@deviantart.com,Male,178.102.51.226
312,Kasey,Dyter,kdyter8n@eepurl.com,Female,27.74.70.78
313,Tadd,Wellsman,twellsman8o@smh.com.au,Male,173.199.197.229
314,Morena,Finneran,mfinneran8p@histats.com,Female,244.203.96.249
315,Miriam,Ferraron,mferraron8q@shutterfly.com,Female,2.217.31.132
316,Wandis,Mulhall,wmulhall8r@mail.ru,Female,145.72.159.105
317,Bartholomeo,Triplet,btriplet8s@economist.com,Male,140.77.237.1
318,Niko,Motto,nmotto8t@123-reg.co.uk,Genderfluid,3.152.74.191
319,Celie,Fawley,cfawley8u@nbcnews.com,Female,45.182.17.25
320,Abeu,Asty,aasty8v@cnet.com,Male,251.115.55.29
321,Cleon,Rawlingson,crawlingson8w@about.me,Male,103.252.212.202
322,Haily,Lidden,hlidden8x@sun.com,Male,17.40.129.119
323,Ulrick,Coddington,ucoddington8y@eepurl.com,Genderfluid,251.141.53.91
324,Nicol,Maha,nmaha8z@ebay.com,Female,134.129.190.204
325,Zeke,Dowber,zdowber90@fema.gov,Male,174.26.149.79
326,Norbie,Clayill,nclayill91@infoseek.co.jp,Male,248.116.218.75
327,Gorden,Warret,gwarret92@fc2.com,Male,242.144.45.98
328,Ingaborg,Kristiansen,ikristiansen93@oracle.com,Female,47.173.69.72
329,Kerri,Boyer,kboyer94@soup.io,Female,148.245.53.29
330,Chucho,Markie,cmarkie95@accuweather.com,Male,77.30.173.194
331,Ronnica,Postans,rpostans96@stanford.edu,Female,83.191.53.203
332,Silvano,Cowgill,scowgill97@usatoday.com,Agender,71.119.1.101
333,Nesta,Peirone,npeirone98@cnet.com,Female,141.116.238.164
334,Olympe,Kobu,okobu99@wufoo.com,Female,41.19.19.230
335,Zak,Gauford,zgauford9a@mysql.com,Male,33.130.146.217
336,Peyter,Gonnelly,pgonnelly9b@ca.gov,Male,181.149.195.215
337,Jessamine,Weems,jweems9c@sphinn.com,Female,92.75.241.201
338,Marchelle,Galbraith,mgalbraith9d@fotki.com,Female,135.81.110.11
339,Lloyd,Brekonridge,lbrekonridge9e@etsy.com,Male,27.100.176.91
340,Marmaduke,Whysall,mwhysall9f@bandcamp.com,Male,169.233.168.8
341,Breanne,Dureden,bdureden9g@columbia.edu,Female,85.32.148.206
342,Raven,Attryde,rattryde9h@microsoft.com,Female,193.87.209.136
343,Modestine,Bateman,mbateman9i@pbs.org,Female,254.252.169.252
344,Drusie,Minci,dminci9j@chronoengine.com,Female,139.64.255.81
345,Kimble,Milmore,kmilmore9k@jalbum.net,Male,241.19.45.26
346,Annamarie,Oakshott,aoakshott9l@patch.com,Female,16.117.202.102
347,Jackson,Jewks,jjewks9m@phpbb.com,Male,104.67.253.51
348,Alli,Hantusch,ahantusch9n@xinhuanet.com,Female,13.61.129.155
349,Shepard,Castledine,scastledine9o@guardian.co.uk,Male,81.130.63.228
350,Mala,Considine,mconsidine9p@deviantart.com,Female,199.41.164.200
351,Dyan,Abthorpe,dabthorpe9q@chron.com,Female,43.49.255.54
352,Tabb,Abbey,tabbey9r@ow.ly,Genderfluid,14.231.23.42
353,Troy,Sine,tsine9s@alexa.com,Male,193.108.99.121
354,Belinda,Morkham,bmorkham9t@weibo.com,Female,50.204.233.153
355,Whitney,Freestone,wfreestone9u@scientificamerican.com,Bigender,240.11.242.240
356,Hollie,Topper,htopper9v@nba.com,Female,41.129.254.161
357,Shurlocke,Marie,smarie9w@altervista.org,Male,149.221.127.86
358,Guthry,Maseyk,gmaseyk9x@facebook.com,Male,107.168.139.179
359,Jedidiah,Bogies,jbogies9y@wp.com,Male,121.175.210.227
360,Justus,Saing,jsaing9z@163.com,Male,136.250.51.74
361,Diane,Mattessen,dmattessena0@elpais.com,Genderqueer,43.28.118.231
362,Brenda,Fishpond,bfishponda1@xinhuanet.com,Female,125.46.38.211
363,Mattheus,Wankel,mwankela2@nbcnews.com,Male,166.253.210.235
364,Harlie,Sheed,hsheeda3@mysql.com,Female,241.237.159.70
365,Maurise,Aylesbury,maylesburya4@nytimes.com,Male,85.212.122.115
366,Chrissy,Lochran,clochrana5@hibu.com,Non-binary,176.111.169.1
367,Hamilton,Guerrier,hguerriera6@tiny.cc,Male,144.151.220.134
368,Wallas,Heynel,wheynela7@blog.com,Male,38.243.94.59
369,Marleen,Germon,mgermona8@princeton.edu,Female,222.109.217.239
370,Clarice,Enriques,cenriquesa9@qq.com,Female,125.218.143.222
371,Thibaud,Balogh,tbaloghaa@yelp.com,Male,119.40.199.5
372,Farah,Detheridge,fdetheridgeab@about.com,Female,58.21.89.229
373,Fidel,Towl,ftowlac@sogou.com,Male,181.56.180.138
374,Tristam,Elam,telamad@mapquest.com,Non-binary,21.148.44.126
375,Roxana,Finker,rfinkerae@un.org,Female,181.43.132.99
376,Valli,Picot,vpicotaf@com.com,Female,201.48.37.20
377,Duky,Waylett,dwaylettag@hao123.com,Male,112.2.197.211
378,Eziechiele,Neilus,eneilusah@huffingtonpost.com,Genderqueer,149.159.127.122
379,Matty,Schulke,mschulkeai@xing.com,Agender,99.20.166.254
380,Dorree,Thomasen,dthomasenaj@scientificamerican.com,Agender,50.158.88.43
381,Tova,Maliffe,tmaliffeak@list-manage.com,Female,41.196.147.3
382,Marris,Cankett,mcankettal@eventbrite.com,Female,93.108.22.28
383,Webb,Shutle,wshutleam@zdnet.com,Male,234.196.136.81
384,Chuck,Le Friec,clefriecan@nasa.gov,Male,85.89.235.236
385,Grange,Blackleech,gblackleechao@telegraph.co.uk,Male,117.95.242.58
386,Elberta,Brewerton,ebrewertonap@facebook.com,Female,45.247.206.124
387,Lorain,Vasyunichev,lvasyunichevaq@paginegialle.it,Female,188.97.205.80
388,Dulcie,Legister,dlegisterar@mediafire.com,Female,143.113.191.12
389,Trina,Winger,twingeras@hexun.com,Female,80.206.59.76
390,Humphrey,Bentje,hbentjeat@usgs.gov,Male,111.250.107.124
391,Dawna,Di Iorio,ddiiorioau@elpais.com,Non-binary,31.104.243.79
392,Rois,Parfett,rparfettav@blogs.com,Female,34.55.89.31
393,Patrizia,Gerrell,pgerrellaw@who.int,Female,217.115.95.150
394,Oby,Bertome,obertomeax@biblegateway.com,Male,43.135.162.66
395,Leigh,Erridge,lerridgeay@bravesites.com,Male,222.118.13.155
396,Letisha,Letertre,lletertreaz@icio.us,Female,53.252.150.195
397,Hammad,Darlaston,hdarlastonb0@chronoengine.com,Male,144.112.144.16
398,Klarrisa,Gilford,kgilfordb1@marriott.com,Female,30.117.190.221
399,Xymenes,Allcroft,xallcroftb2@epa.gov,Male,14.202.13.195
400,Carmelle,Moneypenny,cmoneypennyb3@over-blog.com,Female,85.11.8.79
401,Fabien,Mulholland,fmulhollandb4@ocn.ne.jp,Genderqueer,22.25.174.64
402,Jeremiah,Haveline,jhavelineb5@ftc.gov,Polygender,59.121.172.119
403,Woodie,Di Bernardo,wdibernardob6@hubpages.com,Male,105.105.154.35
404,Grover,Lydiate,glydiateb7@eepurl.com,Male,33.94.9.154
405,Harriette,Feild,hfeildb8@google.co.jp,Female,215.43.59.176
406,Serena,Tethcote,stethcoteb9@live.com,Female,237.56.160.20
407,Kellia,Blandamere,kblandamereba@reference.com,Female,215.124.207.201
408,Law,Inkle,linklebb@opera.com,Male,9.249.156.0
409,Wyndham,Fey,wfeybc@dmoz.org,Male,146.202.26.55
410,Elita,Elloit,eelloitbd@deliciousdays.com,Female,161.2.1.222
411,Fredrick,Cordon,fcordonbe@odnoklassniki.ru,Male,220.226.50.32
412,Zechariah,Giacobelli,zgiacobellibf@state.tx.us,Male,167.183.149.132
413,Darrin,Layus,dlayusbg@vinaora.com,Genderqueer,115.76.47.104
414,Orville,Rangeley,orangeleybh@i2i.jp,Male,239.206.197.15
415,Rosella,Pennigar,rpennigarbi@homestead.com,Female,53.97.228.13
416,Alvy,Mouse,amousebj@jimdo.com,Male,172.111.138.137
417,Tobe,Stelli,tstellibk@geocities.jp,Male,203.90.83.243
418,Walt,Trustrie,wtrustriebl@163.com,Male,54.249.216.85
419,Asher,Palfreeman,apalfreemanbm@hibu.com,Agender,8.254.150.26
420,Terrill,Smethurst,tsmethurstbn@spiegel.de,Male,40.178.198.196
421,Kele,De Michele,kdemichelebo@ow.ly,Male,147.63.208.240
422,Caleb,Loraine,clorainebp@godaddy.com,Male,246.17.32.99
423,Harriette,Faulks,hfaulksbq@cam.ac.uk,Female,250.63.32.215
424,Ivar,Dorkens,idorkensbr@tumblr.com,Male,199.241.236.190
425,Paolo,Witsey,pwitseybs@kickstarter.com,Male,121.203.118.161
426,Demetria,Cahani,dcahanibt@liveinternet.ru,Female,227.124.48.73
427,Bamby,Arkwright,barkwrightbu@ebay.com,Female,157.232.9.156
428,Thain,Oager,toagerbv@wired.com,Male,238.238.71.39
429,Nev,Pavlenko,npavlenkobw@youku.com,Male,139.216.169.141
430,Alick,Hargrove,ahargrovebx@t-online.de,Male,210.15.33.185
431,Codie,Sperling,csperlingby@flavors.me,Female,108.119.52.134
432,Alejandra,Uzzell,auzzellbz@usda.gov,Female,145.49.37.5
433,Ginnifer,Leglise,gleglisec0@guardian.co.uk,Female,91.242.23.221
434,Tannie,Garnett,tgarnettc1@blinklist.com,Genderqueer,124.196.211.161
435,Natty,Fennick,nfennickc2@sohu.com,Genderqueer,129.169.180.138
436,Genevieve,Scarf,gscarfc3@mashable.com,Female,2.216.96.9
437,Adi,Iacobassi,aiacobassic4@nytimes.com,Female,9.187.215.148
438,Davidde,Renon,drenonc5@github.io,Male,92.28.3.231
439,Odey,Durnall,odurnallc6@google.pl,Male,11.183.92.225
440,Shandeigh,Hofer,shoferc7@vkontakte.ru,Female,49.190.39.148
441,Sherrie,Marcu,smarcuc8@sciencedirect.com,Female,47.195.223.196
442,Avis,Sprigings,asprigingsc9@oakley.com,Female,214.193.199.215
443,Thornton,Bradshaw,tbradshawca@cargocollective.com,Male,159.2.59.120
444,Alley,Van der Beek,avanderbeekcb@microsoft.com,Non-binary,218.148.144.57
445,Ricky,Goddard,rgoddardcc@umn.edu,Female,174.156.140.102
446,Geneva,Gianneschi,ggianneschicd@csmonitor.com,Female,56.57.69.161
447,Maegan,Tester,mtesterce@geocities.com,Female,121.26.95.106
448,Pip,Gerge,pgergecf@parallels.com,Male,39.134.255.80
449,Durante,Matuska,dmatuskacg@ft.com,Male,214.143.153.118
450,Obediah,Consadine,oconsadinech@zdnet.com,Male,242.1.55.55
451,Haily,de Aguirre,hdeaguirreci@chicagotribune.com,Male,128.16.254.194
452,Ned,Camelli,ncamellicj@mapquest.com,Male,239.163.219.123
453,Obidiah,Dammarell,odammarellck@symantec.com,Male,81.104.199.222
454,Pollyanna,Lefort,plefortcl@army.mil,Non-binary,57.156.127.205
455,Noella,Scarlon,nscarloncm@histats.com,Female,142.164.32.121
456,Arlen,Girton,agirtoncn@earthlink.net,Female,46.253.233.157
457,Alric,Knapp,aknappco@fastcompany.com,Male,252.228.214.14
458,Rosie,Durn,rdurncp@yale.edu,Female,73.210.51.46
459,Annabelle,Tinmouth,atinmouthcq@ucla.edu,Female,210.95.75.132
460,Nevin,Wildman,nwildmancr@ucoz.com,Male,132.74.52.134
461,Bent,Pagnin,bpagnincs@apple.com,Male,213.107.25.125
462,Shandee,Sachno,ssachnoct@europa.eu,Female,180.153.162.75
463,Amye,Thurman,athurmancu@prlog.org,Female,74.36.103.223
464,Tersina,Eschalette,teschalettecv@discovery.com,Female,153.77.73.199
465,Artur,Eberlein,aeberleincw@psu.edu,Male,149.172.99.150
466,Burty,Meardon,bmeardoncx@kickstarter.com,Male,87.188.29.107
467,Cherin,Trimming,ctrimmingcy@chronoengine.com,Female,173.19.31.246
468,Erastus,Napper,enappercz@biblegateway.com,Male,174.35.242.198
469,Moore,Liff,mliffd0@multiply.com,Male,232.14.243.108
470,Eduardo,O'Keefe,eokeefed1@cisco.com,Male,223.151.102.215
471,Geoffry,Stitle,gstitled2@google.de,Polygender,153.145.164.210
472,Ninnetta,Coker,ncokerd3@imgur.com,Female,230.109.12.0
473,Elbert,Liccardo,eliccardod4@hugedomains.com,Male,211.120.145.39
474,Culver,Pieracci,cpieraccid5@icio.us,Male,3.175.205.121
475,Merrill,Sprigings,msprigingsd6@adobe.com,Male,45.171.136.42
476,Sheila,Spring,sspringd7@digg.com,Female,203.15.152.17
477,Rudiger,MacSorley,rmacsorleyd8@ebay.com,Male,135.250.25.89
478,Rand,Saye,rsayed9@smugmug.com,Male,138.24.39.114
479,Bondie,Death,bdeathda@mit.edu,Male,253.158.5.150
480,Elston,de Quincey,edequinceydb@mlb.com,Polygender,212.122.150.236
481,Hunfredo,Youngman,hyoungmandc@blog.com,Male,61.64.124.21
482,Constanta,Mead,cmeaddd@mozilla.com,Female,43.250.94.25
483,Judd,Dyball,jdyballde@unicef.org,Male,139.244.112.104
484,Courtenay,Chatenet,cchatenetdf@theglobeandmail.com,Female,133.116.124.66
485,Arin,Ronayne,aronaynedg@naver.com,Male,162.12.142.132
486,Chlo,Jovic,cjovicdh@mapquest.com,Agender,50.110.99.110
487,Kristopher,Flisher,kflisherdi@ameblo.jp,Male,65.35.74.242
488,Phil,Golton,pgoltondj@diigo.com,Male,225.140.126.40
489,Heddi,Woolstenholmes,hwoolstenholmesdk@ihg.com,Female,144.62.216.89
490,Henrie,Francesco,hfrancescodl@google.cn,Female,178.218.118.137
491,Fran,Winckle,fwinckledm@archive.org,Male,73.191.23.103
492,Averell,Preator,apreatordn@elegantthemes.com,Male,222.139.166.91
493,Ursa,Covell,ucovelldo@ezinearticles.com,Female,140.205.177.162
494,Vita,Crofts,vcroftsdp@biblegateway.com,Female,141.55.55.164
495,Jay,Haggarty,jhaggartydq@delicious.com,Male,234.153.162.110
496,Skipton,O'Lyhane,solyhanedr@ow.ly,Male,242.135.109.191
497,Donovan,Hallitt,dhallittds@zdnet.com,Male,234.1.156.2
498,Karoly,Schlag,kschlagdt@livejournal.com,Female,30.180.222.255
499,Devinne,Ladd,dladddu@friendfeed.com,Female,52.237.206.75
500,Kanya,Thurlby,kthurlbydv@trellian.com,Female,156.95.21.120
501,Fredrika,Levens,flevensdw@usgs.gov,Female,169.27.173.29
502,Jocko,Lambdean,jlambdeandx@time.com,Male,183.0.6.55
503,Jean,Simondson,jsimondsondy@drupal.org,Female,47.136.132.104
504,Allissa,Menauteau,amenauteaudz@bing.com,Female,163.29.50.194
505,Rupert,Jackson,rjacksone0@microsoft.com,Male,2.125.124.1
506,Will,Gajewski,wgajewskie1@ucsd.edu,Agender,123.121.220.143
507,Barbette,Blazhevich,bblazheviche2@edublogs.org,Female,27.208.21.165
508,Liliane,Belsey,lbelseye3@abc.net.au,Female,82.184.81.155
509,Rozamond,Wemm,rwemme4@army.mil,Agender,86.63.136.112
510,Griff,Drought,gdroughte5@plala.or.jp,Male,158.12.176.98
511,Les,Huebner,lhuebnere6@bbc.co.uk,Genderqueer,44.49.137.155
512,Jessalin,Dorot,jdorote7@disqus.com,Female,90.228.54.31
513,Magnum,Jobbing,mjobbinge8@live.com,Male,68.91.53.214
514,Kessiah,Tomasik,ktomasike9@addtoany.com,Female,253.60.225.144
515,Vladimir,Sudron,vsudronea@japanpost.jp,Male,71.66.102.123
516,Wolfgang,Gwillym,wgwillymeb@umich.edu,Male,21.161.237.63
517,Tripp,Casa,tcasaec@google.com.hk,Male,67.51.246.175
518,Pincus,Arni,parnied@amazon.de,Male,116.99.225.249
519,Melania,Style,mstyleee@wordpress.com,Female,42.86.208.123
520,Aldwin,Strettell,astrettellef@hubpages.com,Male,254.191.94.10
521,Anallise,Reedy,areedyeg@surveymonkey.com,Female,227.84.79.102
522,Karisa,Ales,kaleseh@1und1.de,Female,246.74.89.38
523,Bren,Cottrell,bcottrellei@virginia.edu,Female,134.113.146.80
524,Cassius,Lambourne,clambourneej@guardian.co.uk,Male,20.9.185.15
525,Maitilde,Cabral,mcabralek@pagesperso-orange.fr,Female,149.34.38.177
526,Doll,Ferrierio,dferrierioel@webs.com,Female,106.91.47.80
527,Marji,Rex,mrexem@wiley.com,Bigender,237.180.130.143
528,Everard,Ottewell,eottewellen@cafepress.com,Male,157.185.156.54
529,Taite,Boulter,tboultereo@mayoclinic.com,Male,91.159.246.38
530,Kaine,Gorring,kgorringep@example.com,Male,154.124.150.178
531,Durand,Whodcoat,dwhodcoateq@buzzfeed.com,Male,217.227.95.42
532,Cello,Tottie,ctottieer@webeden.co.uk,Male,75.241.153.186
533,Gustie,Longmire,glongmirees@paginegialle.it,Female,210.55.97.135
534,Xylina,Meates,xmeateset@disqus.com,Female,142.144.147.12
535,Antoinette,Twallin,atwallineu@tinypic.com,Female,69.221.205.71
536,Izzy,Sandells,isandellsev@umich.edu,Male,252.93.211.104
537,Bjorn,Barti,bbartiew@pbs.org,Polygender,166.174.216.24
538,Wit,Ouldcott,wouldcottex@ow.ly,Male,19.161.207.167
539,Gilemette,Tripett,gtripettey@storify.com,Bigender,225.23.236.159
540,Barney,Kase,bkaseez@cornell.edu,Male,127.124.131.157
541,Anne-corinne,Blaber,ablaberf0@nih.gov,Female,107.56.117.114
542,Ellary,Saltsberg,esaltsbergf1@boston.com,Male,12.200.17.133
543,Lonnie,Perryman,lperrymanf2@de.vu,Male,225.47.92.197
544,Cora,Birchenough,cbirchenoughf3@seesaa.net,Female,86.65.232.163
545,Antoinette,Neilands,aneilandsf4@mayoclinic.com,Female,240.196.108.69
546,Alexandro,Birbeck,abirbeckf5@shop-pro.jp,Male,228.107.105.27
547,Constantina,Anfusso,canfussof6@army.mil,Female,220.255.80.40
548,Marie-jeanne,Hele,mhelef7@icio.us,Female,112.193.149.238
549,Bastien,Yeiles,byeilesf8@mashable.com,Male,156.179.75.211
550,Pietrek,Sewell,psewellf9@census.gov,Male,41.161.91.106
551,Webster,Goldhawk,wgoldhawkfa@typepad.com,Male,252.231.65.61
552,Demetra,Masson,dmassonfb@pinterest.com,Female,61.98.92.86
553,Evelyn,Gionettitti,egionettittifc@uol.com.br,Female,67.223.192.195
554,Thatcher,Lohering,tloheringfd@hugedomains.com,Male,227.26.127.124
555,Stanislaw,Welfare,swelfarefe@prnewswire.com,Male,234.235.117.227
556,Amii,Remmers,aremmersff@miitbeian.gov.cn,Female,63.87.117.134
557,Sherman,Poland,spolandfg@ft.com,Male,160.41.61.71
558,Glennis,Gavahan,ggavahanfh@ocn.ne.jp,Female,9.46.17.207
559,Paulina,Fippe,pfippefi@deviantart.com,Female,171.109.117.147
560,Frankie,Kochs,fkochsfj@gravatar.com,Female,30.154.170.220
561,Gina,Bisson,gbissonfk@adobe.com,Female,100.132.22.69
562,Adriano,L'Archer,alarcherfl@hc360.com,Male,193.188.62.6
563,Elise,Eskrick,eeskrickfm@parallels.com,Female,146.49.248.102
564,Bel,O'Cuddie,bocuddiefn@youku.com,Female,225.255.241.144
565,Melvin,Brack,mbrackfo@diigo.com,Male,90.222.110.196
566,Huntington,Bernaert,hbernaertfp@g.co,Male,135.248.123.47
567,Winonah,Croughan,wcroughanfq@com.com,Female,226.174.131.108
568,Jeffie,Sprake,jsprakefr@bloglovin.com,Male,111.17.238.117
569,Sam,Kiossel,skiosselfs@miitbeian.gov.cn,Female,139.39.200.219
570,Penni,Petric,ppetricft@squidoo.com,Female,171.250.67.180
571,Jsandye,Seefeldt,jseefeldtfu@bravesites.com,Female,201.112.237.85
572,Jourdain,Biesterfeld,jbiesterfeldfv@adobe.com,Male,193.32.52.209
573,Myrtice,Schaumaker,mschaumakerfw@illinois.edu,Polygender,70.171.6.40
574,Cordi,Dod,cdodfx@nytimes.com,Female,204.254.32.237
575,Richmond,Keme,rkemefy@toplist.cz,Male,103.228.28.99
576,Abbye,Roeby,aroebyfz@ucoz.ru,Female,153.84.188.2
577,Heath,Dillet,hdilletg0@yahoo.com,Female,46.184.120.167
578,Joey,Tille,jtilleg1@hc360.com,Male,49.178.208.68
579,Sella,Yacobsohn,syacobsohng2@mysql.com,Female,190.84.250.101
580,Ford,Bruin,fbruing3@guardian.co.uk,Male,101.41.108.241
581,Bobbette,Jobes,bjobesg4@mapy.cz,Female,141.162.93.68
582,Ronald,Ovendale,rovendaleg5@privacy.gov.au,Male,106.251.29.20
583,Rodney,Gonoude,rgonoudeg6@harvard.edu,Male,47.162.240.86
584,Johnathon,Tipler,jtiplerg7@elpais.com,Male,53.226.175.148
585,Raquela,Insley,rinsleyg8@goo.ne.jp,Non-binary,178.163.182.112
586,Britteny,Wike,bwikeg9@unblog.fr,Genderqueer,98.138.66.79
587,Dot,O'Sheilds,dosheildsga@about.me,Female,200.137.79.93
588,Gertruda,Buttress,gbuttressgb@hibu.com,Female,94.4.204.107
589,Brittani,Jeandon,bjeandongc@marketwatch.com,Female,95.34.158.199
590,Willetta,Leckenby,wleckenbygd@angelfire.com,Female,26.211.209.58
591,Hirsch,Twidell,htwidellge@elegantthemes.com,Male,189.186.60.103
592,Kanya,Twittey,ktwitteygf@blogger.com,Female,41.75.95.250
593,Darlene,Kiely,dkielygg@myspace.com,Female,56.235.241.174
594,Hort,Berisford,hberisfordgh@huffingtonpost.com,Male,206.204.247.134
595,Carilyn,Richardet,crichardetgi@ask.com,Female,41.69.55.103
596,Natala,Kingaby,nkingabygj@posterous.com,Female,80.48.160.20
597,Shanan,Casolla,scasollagk@zdnet.com,Male,5.94.174.200
598,Ellie,Strover,estrovergl@goo.gl,Female,53.89.72.253
599,Nelly,Ech,nechgm@soundcloud.com,Agender,214.54.61.245
600,Timi,Giovannetti,tgiovannettign@adobe.com,Female,187.20.164.155
601,Godfry,Malt,gmaltgo@google.com.br,Male,72.109.110.111
602,Micheline,Tixier,mtixiergp@biglobe.ne.jp,Female,42.144.23.232
603,Susan,Stot,sstotgq@github.com,Female,242.221.242.11
604,Odell,Harnetty,oharnettygr@multiply.com,Male,39.48.88.149
605,Hally,Hasley,hhasleygs@psu.edu,Female,247.223.187.159
606,Myca,O'Flannery,moflannerygt@intel.com,Male,125.136.106.217
607,Griz,Laboune,glabounegu@statcounter.com,Male,205.18.133.250
608,Chadd,Prince,cprincegv@mysql.com,Male,148.103.69.17
609,Iorgos,Shapland,ishaplandgw@businessinsider.com,Male,23.198.13.36
610,Stuart,Sidwell,ssidwellgx@berkeley.edu,Male,160.93.49.18
611,Fleur,Kimber,fkimbergy@chicagotribune.com,Female,30.229.155.50
612,Rosemaria,Vedenichev,rvedenichevgz@berkeley.edu,Female,235.228.125.180
613,Leeanne,Blamphin,lblamphinh0@360.cn,Female,191.92.104.121
614,Teresina,Cocksedge,tcocksedgeh1@shareasale.com,Female,82.133.0.96
615,Ralina,Thripp,rthripph2@vk.com,Female,150.93.48.242
616,Marillin,Stockton,mstocktonh3@topsy.com,Agender,26.45.101.227
617,Hewie,Iohananof,hiohananofh4@google.nl,Male,122.166.163.225
618,Antoinette,Arnison,aarnisonh5@chicagotribune.com,Female,63.213.250.130
619,Lina,Nouch,lnouchh6@aol.com,Female,241.157.201.248
620,Dionysus,Steiner,dsteinerh7@auda.org.au,Male,95.50.245.205
621,Nicky,Ivanyutin,nivanyutinh8@loc.gov,Male,236.40.7.89
622,Helaine,Granville,hgranvilleh9@hexun.com,Female,248.168.141.47
623,Lolita,Knox,lknoxha@i2i.jp,Female,65.230.118.155
624,Moshe,Grindle,mgrindlehb@statcounter.com,Male,30.253.213.71
625,Catha,Tirte,ctirtehc@prweb.com,Female,42.191.118.16
626,Alla,Croad,acroadhd@fastcompany.com,Female,79.96.43.135
627,Blinny,Mallan,bmallanhe@ft.com,Agender,53.251.84.56
628,Othella,Farrell,ofarrellhf@is.gd,Bigender,198.39.87.145
629,Myron,Dairton,mdairtonhg@washington.edu,Male,191.49.188.101
630,Russell,Syratt,rsyratthh@archive.org,Male,194.53.73.14
631,Baxie,Reppaport,breppaporthi@soup.io,Male,199.203.13.242
632,Byron,Curnucke,bcurnuckehj@mozilla.com,Male,203.46.30.97
633,Gnni,Got,ggothk@t-online.de,Female,48.188.122.214
634,Chan,Severwright,cseverwrighthl@salon.com,Male,163.111.42.83
635,Jenda,Barbey,jbarbeyhm@hatena.ne.jp,Female,172.89.23.162
636,Rand,Farmery,rfarmeryhn@liveinternet.ru,Male,105.23.127.128
637,Claudianus,Waddup,cwaddupho@g.co,Male,59.217.45.27
638,Gwenore,Braunthal,gbraunthalhp@phpbb.com,Female,51.130.70.152
639,Jonie,Cereceres,jcerecereshq@altervista.org,Female,124.34.49.229
640,Stephanus,Pool,spoolhr@homestead.com,Male,26.52.190.223
641,Karly,Bernocchi,kbernocchihs@usda.gov,Polygender,74.45.66.206
642,Kinsley,Checklin,kchecklinht@ycombinator.com,Male,211.168.226.216
643,Gennifer,Smurfit,gsmurfithu@spotify.com,Female,190.193.255.195
644,Halli,Twinbourne,htwinbournehv@si.edu,Female,111.67.230.145
645,Eartha,Eglinton,eeglintonhw@taobao.com,Female,70.150.177.192
646,Claus,O'Shesnan,coshesnanhx@omniture.com,Male,74.21.47.11
647,Vick,Ascough,vascoughhy@youtu.be,Genderqueer,66.153.39.138
648,Desiri,Kiernan,dkiernanhz@bluehost.com,Female,127.170.113.214
649,Gerladina,Hallowes,ghallowesi0@godaddy.com,Female,151.132.167.152
650,Winnie,Myderscough,wmyderscoughi1@cafepress.com,Male,240.15.91.221
651,Danni,Lindstedt,dlindstedti2@theatlantic.com,Female,115.69.12.42
652,Grenville,Snell,gsnelli3@psu.edu,Male,67.24.165.157
653,Zacharias,Rawlyns,zrawlynsi4@domainmarket.com,Male,107.56.8.27
654,Lockwood,Kivell,lkivelli5@alexa.com,Male,114.69.250.43
655,Cornell,Kettridge,ckettridgei6@theguardian.com,Male,249.77.213.188
656,Peri,Pieper,ppieperi7@ox.ac.uk,Female,46.70.233.154
657,Zeb,Dudley,zdudleyi8@constantcontact.com,Agender,129.221.211.64
658,Catarina,Mifflin,cmifflini9@arstechnica.com,Female,119.224.55.109
659,Pamella,Gouldthorpe,pgouldthorpeia@last.fm,Female,25.199.57.244
660,Alard,Ockwell,aockwellib@nifty.com,Male,121.112.50.95
661,Merola,Riseley,mriseleyic@ucoz.com,Female,125.255.12.115
662,Roch,Eble,rebleid@craigslist.org,Agender,95.19.208.139
663,Katya,Germann,kgermannie@cargocollective.com,Female,44.158.94.146
664,Doti,Duetsche,dduetscheif@patch.com,Female,8.230.79.254
665,Bridget,Jays,bjaysig@wufoo.com,Female,128.243.247.40
666,Emelina,Hortop,ehortopih@hugedomains.com,Female,146.31.253.216
667,Kari,Delwater,kdelwaterii@csmonitor.com,Female,62.87.240.73
668,Silvana,Toffoloni,stoffoloniij@alibaba.com,Female,240.219.233.126
669,Brynna,Errett,berrettik@people.com.cn,Female,32.179.58.27
670,Stesha,Broune,sbrouneil@mozilla.org,Female,119.55.173.40
671,Kriste,Offer,kofferim@answers.com,Female,130.182.150.109
672,Worthington,McKeurton,wmckeurtonin@freewebs.com,Male,255.35.17.123
673,Itch,Jarrell,ijarrellio@mail.ru,Male,3.192.124.202
674,Hermann,Grimsditch,hgrimsditchip@yahoo.co.jp,Male,98.217.145.149
675,Artus,Oakes,aoakesiq@goo.ne.jp,Non-binary,60.117.9.113
676,Wiley,Degli Abbati,wdegliabbatiir@comsenz.com,Male,125.98.168.153
677,Alfons,Kiljan,akiljanis@samsung.com,Male,89.70.94.80
678,Saree,Towe,stoweit@moonfruit.com,Female,120.2.107.32
679,Agata,Geroldini,ageroldiniiu@cafepress.com,Female,210.228.50.46
680,Ofelia,Gilleson,ogillesoniv@networksolutions.com,Female,151.248.130.178
681,Nikolai,Waudby,nwaudbyiw@moonfruit.com,Male,4.35.229.9
682,Brion,Amy,bamyix@flavors.me,Male,132.208.161.22
683,Ursa,Verbruggen,uverbruggeniy@reference.com,Female,37.128.124.139
684,Shandeigh,Le Galle,slegalleiz@mlb.com,Female,118.55.31.43
685,Isadora,Adenet,iadenetj0@aol.com,Female,3.117.60.106
686,Jemimah,Keese,jkeesej1@hp.com,Female,38.220.105.177
687,Kerianne,Nowland,knowlandj2@domainmarket.com,Female,17.216.48.161
688,Hilde,Di Bartolomeo,hdibartolomeoj3@adobe.com,Bigender,168.213.253.21
689,Rowan,Barbera,rbarberaj4@qq.com,Male,16.14.123.242
690,Merwyn,Berthomier,mberthomierj5@bloglines.com,Male,169.94.87.63
691,Rea,Lebel,rlebelj6@gmpg.org,Female,32.128.217.211
692,Elbertina,Girth,egirthj7@businessweek.com,Female,224.197.20.84
693,Mariana,Ousley,mousleyj8@wikispaces.com,Female,242.249.213.123
694,Hamilton,Van der Mark,hvandermarkj9@free.fr,Male,95.118.227.53
695,Morgen,Bertin,mbertinja@wufoo.com,Female,105.154.252.191
696,Helaine,Yeulet,hyeuletjb@flavors.me,Female,67.207.86.164
697,Jephthah,Blair,jblairjc@npr.org,Male,74.25.101.41
698,Allie,Kubat,akubatjd@forbes.com,Male,4.244.231.33
699,Natividad,Beavan,nbeavanje@nhs.uk,Female,252.173.205.0
700,Michael,McQuilkin,mmcquilkinjf@dyndns.org,Bigender,220.112.213.141
701,Florinda,Capron,fcapronjg@taobao.com,Female,34.196.71.130
702,Arie,Lockitt,alockittjh@webeden.co.uk,Male,231.155.129.127
703,Fax,Jobb,fjobbji@acquirethisname.com,Male,120.250.136.213
704,Pam,Sibery,psiberyjj@earthlink.net,Female,106.206.81.129
705,Rolf,Bennike,rbennikejk@who.int,Male,185.55.6.90
706,Nanci,Steketee,nsteketeejl@sakura.ne.jp,Female,117.127.184.250
707,Hanson,Orsay,horsayjm@toplist.cz,Male,151.84.206.89
708,Lucila,Sieb,lsiebjn@tinypic.com,Female,157.77.110.219
709,Angel,Albon,aalbonjo@si.edu,Female,142.191.177.59
710,Guenna,Sellen,gsellenjp@google.co.uk,Agender,113.247.129.194
711,Bard,Syseland,bsyselandjq@cnet.com,Male,64.11.64.103
712,Hermia,Marzello,hmarzellojr@mtv.com,Agender,26.111.17.131
713,Patrizius,Hallen,phallenjs@disqus.com,Male,85.11.84.195
714,Carole,Winchcum,cwinchcumjt@msn.com,Female,64.201.200.206
715,Derick,Fairfoull,dfairfoullju@cnet.com,Male,165.133.53.95
716,Julietta,Bugler,jbuglerjv@pcworld.com,Female,240.213.57.245
717,Trace,Bastard,tbastardjw@nytimes.com,Male,239.207.71.84
718,Ira,Bangs,ibangsjx@guardian.co.uk,Male,27.23.88.175
719,Trev,Hartland,thartlandjy@google.com.au,Male,102.15.207.234
720,Gaby,Scruton,gscrutonjz@youku.com,Male,163.185.73.154
721,Galven,Nestor,gnestork0@google.com.au,Male,104.192.104.250
722,Buddie,Maciejak,bmaciejakk1@digg.com,Male,210.228.36.2
723,Lil,Schoular,lschoulark2@tamu.edu,Female,42.57.45.255
724,Simone,Alvar,salvark3@networkadvertising.org,Male,155.143.177.127
725,Edgardo,Degan,edegank4@dailymotion.com,Male,89.212.26.73
726,Laurens,Keeves,lkeevesk5@cloudflare.com,Male,78.161.75.81
727,Louisa,Jerson,ljersonk6@independent.co.uk,Female,5.243.31.45
728,Arman,Wedgwood,awedgwoodk7@time.com,Male,220.7.33.235
729,Delmore,Higgoe,dhiggoek8@unesco.org,Bigender,86.102.41.230
730,Rosa,Gillmor,rgillmork9@cloudflare.com,Female,83.148.7.115
731,Bord,Dayment,bdaymentka@google.pl,Male,240.124.223.50
732,Carlin,Hultberg,chultbergkb@cnbc.com,Female,36.232.38.55
733,Kora,Thorold,kthoroldkc@merriam-webster.com,Female,172.186.236.30
734,Dilly,Nickolls,dnickollskd@ucoz.com,Male,9.51.4.198
735,Randal,McMeeking,rmcmeekingke@people.com.cn,Male,110.156.45.134
736,Curtice,Basilotta,cbasilottakf@phpbb.com,Male,203.31.96.7
737,Salomone,Harcombe,sharcombekg@jigsy.com,Male,175.180.157.235
738,Kalle,Scrinage,kscrinagekh@youtu.be,Male,136.16.98.170
739,Caldwell,Jaggers,cjaggerski@facebook.com,Male,98.109.121.124
740,Isidro,Treace,itreacekj@photobucket.com,Male,24.97.28.215
741,Avis,Thorald,athoraldkk@shop-pro.jp,Female,96.173.32.255
742,Christoph,Muffin,cmuffinkl@slate.com,Male,61.158.197.238
743,Niki,Rowbrey,nrowbreykm@networksolutions.com,Female,196.34.248.249
744,Romy,Bucklan,rbucklankn@aboutads.info,Female,187.154.236.89
745,Morena,Soars,msoarsko@goodreads.com,Female,117.106.49.119
746,Towny,Howgate,thowgatekp@elpais.com,Male,41.199.131.229
747,Allayne,Kinzel,akinzelkq@ovh.net,Male,238.78.51.95
748,Alan,Konert,akonertkr@huffingtonpost.com,Male,3.114.10.56
749,Seymour,Maskew,smaskewks@dion.ne.jp,Male,244.106.23.161
750,Archambault,Renney,arenneykt@tinypic.com,Male,56.127.223.139
751,Dallon,Guyot,dguyotku@hatena.ne.jp,Male,253.33.179.40
752,Hedda,Ecclesall,hecclesallkv@infoseek.co.jp,Female,235.95.0.251
753,Bria,Lynnitt,blynnittkw@tumblr.com,Female,239.246.163.43
754,Fey,Harcarse,fharcarsekx@google.co.uk,Female,52.62.114.18
755,Charla,Musto,cmustoky@purevolume.com,Female,219.185.220.236
756,Hailee,Jewett,hjewettkz@epa.gov,Female,118.206.127.223
757,Orly,Edy,oedyl0@icio.us,Female,32.84.131.179
758,Pierson,Ruler,prulerl1@cam.ac.uk,Male,132.241.40.130
759,Gillan,Melin,gmelinl2@infoseek.co.jp,Female,23.13.38.65
760,Shanta,Taig,staigl3@mediafire.com,Female,11.61.80.134
761,Ermin,Ancketill,eancketilll4@sun.com,Polygender,143.108.13.7
762,Johnathan,Scaddon,jscaddonl5@wufoo.com,Male,110.67.114.220
763,Gabe,Crewther,gcrewtherl6@sciencedaily.com,Male,230.228.42.146
764,Tiler,Tuison,ttuisonl7@fda.gov,Male,235.112.18.115
765,Sibyl,Eccleston,secclestonl8@topsy.com,Male,235.254.14.111
766,Noell,Coakley,ncoakleyl9@chicagotribune.com,Female,29.10.215.78
767,Gaultiero,Mitchenson,gmitchensonla@123-reg.co.uk,Genderfluid,233.155.164.176
768,Josias,Coldbath,jcoldbathlb@cpanel.net,Male,59.189.138.126
769,Lorrayne,Galer,lgalerlc@e-recht24.de,Female,197.163.104.155
770,Quintus,Sottell,qsottellld@1688.com,Bigender,244.86.228.81
771,Tiffani,Brugger,tbruggerle@discovery.com,Bigender,77.145.69.233
772,Ivan,Flecknoe,iflecknoelf@abc.net.au,Male,141.158.2.87
773,Derby,Euesden,deuesdenlg@berkeley.edu,Male,29.113.119.144
774,Consuelo,Savaage,csavaagelh@typepad.com,Agender,109.10.90.116
775,Walden,Hoonahan,whoonahanli@webeden.co.uk,Male,196.152.14.5
776,Corby,Dukelow,cdukelowlj@mashable.com,Male,118.107.151.63
777,Tallulah,Rudgard,trudgardlk@surveymonkey.com,Female,17.254.117.85
778,Roarke,Vanderplas,rvanderplasll@uiuc.edu,Male,220.71.113.52
779,Kristin,Seathwright,kseathwrightlm@kickstarter.com,Female,166.196.81.228
780,Dorian,Benza,dbenzaln@tinyurl.com,Female,22.194.217.128
781,Rozalie,Tremmil,rtremmillo@buzzfeed.com,Female,188.165.127.227
782,Lefty,Songest,lsongestlp@odnoklassniki.ru,Male,74.100.68.101
783,Barbi,Kleimt,bkleimtlq@smugmug.com,Polygender,12.89.86.131
784,Neala,Harrinson,nharrinsonlr@seattletimes.com,Female,251.133.223.236
785,Agnella,Ducham,aduchamls@hatena.ne.jp,Female,37.71.168.172
786,Danni,Jaulme,djaulmelt@dot.gov,Female,241.84.2.103
787,Friedrick,Davey,fdaveylu@bravesites.com,Male,210.46.91.225
788,Garik,Fitzmaurice,gfitzmauricelv@samsung.com,Male,120.61.189.42
789,Tobie,Basil,tbasillw@multiply.com,Male,33.83.93.46
790,Corrinne,Vsanelli,cvsanellilx@privacy.gov.au,Female,126.67.214.163
791,Ernestus,Athersmith,eathersmithly@huffingtonpost.com,Male,238.75.215.77
792,Wolfie,Heardman,wheardmanlz@soundcloud.com,Male,164.113.16.7
793,Kiley,Blunt,kbluntm0@angelfire.com,Male,10.142.148.105
794,Maddie,Ives,mivesm1@dell.com,Male,227.85.133.223
795,Bard,Mapham,bmaphamm2@so-net.ne.jp,Male,135.12.29.46
796,Udall,Kanter,ukanterm3@aboutads.info,Male,78.182.78.115
797,Juanita,Allden,jalldenm4@cdc.gov,Female,97.174.102.61
798,Ben,Peidro,bpeidrom5@dailymail.co.uk,Male,89.119.23.26
799,Kathlin,Howley,khowleym6@mit.edu,Female,83.46.252.25
800,Opaline,Villa,ovillam7@un.org,Female,118.75.194.117
801,Cam,Andrea,candream8@skype.com,Male,230.65.24.66
802,Murdoch,Blackster,mblacksterm9@answers.com,Male,228.211.108.182
803,Thaddus,Arnell,tarnellma@tinypic.com,Male,116.237.121.222
804,Nikkie,Grzegorczyk,ngrzegorczykmb@prweb.com,Female,140.170.34.51
805,Ginny,Kelston,gkelstonmc@dion.ne.jp,Female,20.136.159.160
806,Niels,Oboy,noboymd@godaddy.com,Male,92.119.254.55
807,Reidar,Woltman,rwoltmanme@adobe.com,Male,99.121.186.194
808,Drake,Matityahu,dmatityahumf@soundcloud.com,Male,176.12.0.118
809,Ariadne,O'Bradane,aobradanemg@cisco.com,Female,34.28.51.201
810,Anton,Janout,ajanoutmh@4shared.com,Male,51.111.61.8
811,Ealasaid,Byrde,ebyrdemi@yandex.ru,Female,33.93.231.219
812,Bernadina,Squire,bsquiremj@twitter.com,Female,202.212.229.46
813,Kristan,Rosenfield,krosenfieldmk@earthlink.net,Female,164.61.87.8
814,Ermanno,Hultberg,ehultbergml@vistaprint.com,Male,12.122.22.213
815,Zollie,Sisson,zsissonmm@time.com,Male,108.136.112.239
816,Alwin,Braley,abraleymn@prlog.org,Male,179.161.1.79
817,Wendel,Rhoddie,wrhoddiemo@newyorker.com,Male,191.84.127.244
818,Shellie,Paeckmeyer,spaeckmeyermp@wix.com,Female,137.105.50.152
819,Annmaria,Littledike,alittledikemq@vistaprint.com,Female,197.27.125.90
820,Vera,Peres,vperesmr@mozilla.com,Female,167.146.154.135
821,Jackie,Burdekin,jburdekinms@bloglines.com,Female,244.147.161.152
822,Kerri,Gilder,kgildermt@yelp.com,Female,230.32.26.53
823,Dolley,Fomichkin,dfomichkinmu@bbc.co.uk,Female,20.191.48.232
824,Harriet,Blagbrough,hblagbroughmv@skype.com,Female,31.136.172.183
825,Sheila-kathryn,Blazej,sblazejmw@so-net.ne.jp,Female,59.247.160.64
826,Lucille,Wilks,lwilksmx@microsoft.com,Female,232.22.143.250
827,Darcy,Elstub,delstubmy@latimes.com,Female,48.138.132.50
828,Xymenes,Newland,xnewlandmz@pcworld.com,Male,22.213.252.42
829,Aaron,Rumney,arumneyn0@miitbeian.gov.cn,Male,135.63.185.241
830,Amie,Orpyne,aorpynen1@ycombinator.com,Female,87.176.15.254
831,Terrijo,Simonin,tsimoninn2@symantec.com,Female,82.170.241.95
832,Cyrill,Mignot,cmignotn3@blogs.com,Male,64.132.175.217
833,Adolpho,Croster,acrostern4@lulu.com,Male,122.185.37.74
834,Merissa,Barbara,mbarbaran5@nasa.gov,Female,158.184.193.100
835,Shurlock,Zipsell,szipselln6@independent.co.uk,Male,32.191.103.248
836,Sig,Laux,slauxn7@sogou.com,Male,178.161.203.100
837,Fanechka,Pervoe,fpervoen8@networksolutions.com,Genderfluid,51.87.194.188
838,Barty,Cud,bcudn9@google.es,Male,171.0.31.60
839,Niki,Pine,npinena@about.me,Male,31.136.7.154
840,Cecelia,Garraway,cgarrawaynb@bandcamp.com,Female,89.235.19.153
841,Kathie,Falck,kfalcknc@boston.com,Female,33.224.71.197
842,Blythe,Hallard,bhallardnd@ted.com,Female,6.125.1.87
843,Vanessa,Baser,vbaserne@woothemes.com,Female,176.98.26.17
844,Dannel,Blowes,dblowesnf@parallels.com,Male,249.27.92.145
845,Marna,Inglesfield,minglesfieldng@dmoz.org,Bigender,131.60.18.229
846,Rora,Fabb,rfabbnh@infoseek.co.jp,Female,225.109.33.155
847,Jemimah,Paver,jpaverni@taobao.com,Female,16.160.104.91
848,Vilhelmina,Alban,valbannj@mozilla.org,Female,9.81.177.235
849,Linea,Stagge,lstaggenk@elegantthemes.com,Female,12.148.91.82
850,Lisabeth,Emor,lemornl@addthis.com,Female,23.190.74.7
851,Devy,Moncaster,dmoncasternm@rambler.ru,Male,18.66.179.172
852,Jessey,Sonier,jsoniernn@bigcartel.com,Male,139.120.196.62
853,Lucinda,Posthill,lposthillno@craigslist.org,Genderqueer,27.199.16.231
854,Shauna,Silcock,ssilcocknp@icq.com,Polygender,158.36.107.232
855,Ansley,Jirzik,ajirziknq@mashable.com,Female,161.96.240.37
856,Kylynn,Solman,ksolmannr@reference.com,Female,72.242.233.132
857,Martin,Maskew,mmaskewns@pcworld.com,Male,106.242.56.38
858,Cliff,Geraud,cgeraudnt@miibeian.gov.cn,Agender,236.86.13.27
859,Morton,Cicero,mciceronu@dell.com,Male,146.166.164.236
860,Blondell,Semeniuk,bsemeniuknv@furl.net,Female,180.131.55.62
861,Bentley,Abramov,babramovnw@about.com,Male,55.247.255.245
862,Thatch,Dumbrall,tdumbrallnx@army.mil,Male,178.127.247.219
863,Bert,Girodin,bgirodinny@jalbum.net,Male,83.1.19.85
864,Giacomo,Elwin,gelwinnz@gizmodo.com,Male,58.32.111.175
865,Kendal,Abramovitch,kabramovitcho0@va.gov,Male,146.232.233.47
866,Malvina,Stovell,mstovello1@psu.edu,Female,92.123.22.195
867,Elisha,Fargher,efarghero2@intel.com,Female,187.224.219.251
868,Gavrielle,Guyton,gguytono3@npr.org,Female,189.160.14.201
869,Norbert,De Lasci,ndelascio4@php.net,Male,188.107.179.253
870,Henri,Cogswell,hcogswello5@springer.com,Male,42.66.92.162
871,Angus,d'Escoffier,adescoffiero6@marriott.com,Male,225.204.220.184
872,Daryl,Pennycook,dpennycooko7@sourceforge.net,Female,53.240.127.147
873,Rozanna,Jankowski,rjankowskio8@simplemachines.org,Female,239.212.187.146
874,Kris,Seaborne,kseaborneo9@gizmodo.com,Female,119.16.142.151
875,Dane,Manifold,dmanifoldoa@yolasite.com,Male,101.1.92.161
876,Sidonnie,Aronoff,saronoffob@berkeley.edu,Female,171.244.37.152
877,Spike,Dineges,sdinegesoc@tuttocitta.it,Male,71.218.57.39
878,Alejoa,Kitcatt,akitcattod@mayoclinic.com,Male,224.241.169.215
879,Gloria,Stolli,gstollioe@netlog.com,Female,3.43.111.234
880,Joey,Briars,jbriarsof@joomla.org,Male,166.27.126.67
881,Keeley,Vowell,kvowellog@smugmug.com,Female,35.209.84.189
882,Mauricio,Sam,msamoh@mapquest.com,Male,47.83.7.163
883,Gabby,Malby,gmalbyoi@dagondesign.com,Male,57.2.194.216
884,Shane,Coller,scolleroj@squarespace.com,Agender,176.116.70.101
885,Clemmie,Patterfield,cpatterfieldok@berkeley.edu,Male,9.160.53.194
886,Constantine,Bonner,cbonnerol@noaa.gov,Male,19.144.66.37
887,Bertrando,Fitzsymons,bfitzsymonsom@goodreads.com,Male,93.133.106.226
888,Bill,Manuello,bmanuelloon@pagesperso-orange.fr,Male,237.95.236.37
889,Ellswerth,Charity,echarityoo@disqus.com,Male,58.144.81.130
890,Marlyn,Rudd,mruddop@simplemachines.org,Female,161.170.59.8
891,Maribel,Anthon,manthonoq@yahoo.co.jp,Female,122.209.93.252
892,Trevor,Matonin,tmatoninor@illinois.edu,Male,18.24.42.255
893,Hubey,Chugg,hchuggos@vistaprint.com,Male,217.125.252.190
894,Sadye,Shimmans,sshimmansot@nhs.uk,Female,107.54.40.67
895,Zenia,Glossup,zglossupou@ocn.ne.jp,Female,12.14.139.71
896,Cosimo,Costall,ccostallov@google.com,Male,233.222.40.26
897,Frasco,Ackhurst,fackhurstow@independent.co.uk,Male,206.153.123.119
898,Charlotta,Gartside,cgartsideox@tiny.cc,Female,211.235.241.45
899,Glori,Trowell,gtrowelloy@upenn.edu,Female,210.201.74.110
900,Aharon,Stubbe,astubbeoz@bigcartel.com,Male,200.214.49.66
901,Barnie,Hartmann,bhartmannp0@princeton.edu,Male,219.39.157.199
902,Will,Dainty,wdaintyp1@ucla.edu,Male,164.68.170.74
903,Elbertine,Rivelon,erivelonp2@cornell.edu,Female,213.32.17.233
904,Allegra,Cowdrey,acowdreyp3@g.co,Female,63.245.44.168
905,Delly,Pawsey,dpawseyp4@mozilla.org,Female,214.146.205.168
906,Currie,Temlett,ctemlettp5@dedecms.com,Male,68.50.169.224
907,Gibb,Linton,glintonp6@dailymail.co.uk,Male,78.119.89.109
908,Ivory,McMillan,imcmillanp7@vistaprint.com,Polygender,82.218.125.6
909,Sileas,Teissier,steissierp8@boston.com,Female,187.203.44.0
910,Arnaldo,Crockford,acrockfordp9@paginegialle.it,Male,248.28.166.130
911,Brina,Jeaves,bjeavespa@who.int,Female,50.214.119.239
912,Torre,Llewelyn,tllewelynpb@sohu.com,Male,122.151.136.7
913,Martica,Kanzler,mkanzlerpc@sciencedaily.com,Polygender,210.246.119.97
914,Adore,Bignold,abignoldpd@booking.com,Female,103.40.80.78
915,Dorey,Farrington,dfarringtonpe@51.la,Male,36.144.227.231
916,Desmond,Christophle,dchristophlepf@nih.gov,Male,47.2.100.62
917,Randolph,Greenwood,rgreenwoodpg@mlb.com,Male,218.96.198.109
918,Drusi,Esberger,desbergerph@wufoo.com,Female,53.163.130.97
919,Malina,Slobom,mslobompi@utexas.edu,Female,150.202.185.158
920,Daffy,Codrington,dcodringtonpj@dailymail.co.uk,Female,244.175.55.253
921,Lorne,Adess,ladesspk@economist.com,Male,18.198.146.97
922,Batholomew,Gillie,bgilliepl@washingtonpost.com,Male,211.152.230.35
923,Andreana,Nyssen,anyssenpm@independent.co.uk,Female,52.212.73.35
924,Aida,Curnnokk,acurnnokkpn@live.com,Female,0.188.189.2
925,Hilario,Blumer,hblumerpo@newsvine.com,Male,136.153.122.243
926,Rivalee,Samsworth,rsamsworthpp@blogger.com,Female,191.36.32.51
927,Nicole,Maxsted,nmaxstedpq@noaa.gov,Female,224.244.251.85
928,Betti,O'Sheils,bosheilspr@plala.or.jp,Female,34.78.89.6
929,Lemuel,Wing,lwingps@netlog.com,Male,66.72.203.176
930,Tybie,Hallitt,thallittpt@symantec.com,Female,3.205.85.15
931,Esteban,Leschelle,eleschellepu@histats.com,Male,30.48.153.93
932,Louisette,Bloxam,lbloxampv@4shared.com,Female,4.133.161.142
933,Jaime,Bartleman,jbartlemanpw@pen.io,Male,53.139.220.3
934,Clifford,Crocker,ccrockerpx@usatoday.com,Male,159.35.155.231
935,Kenny,Scimonelli,kscimonellipy@icq.com,Male,185.47.195.72
936,Jermain,Curtois,jcurtoispz@ow.ly,Male,220.168.95.169
937,Merline,Yendle,myendleq0@ed.gov,Female,94.36.67.38
938,Terri-jo,Upsale,tupsaleq1@paypal.com,Female,107.217.49.82
939,Rosana,Sawkin,rsawkinq2@unesco.org,Female,164.250.226.29
940,Simon,Dignall,sdignallq3@nps.gov,Male,218.34.55.154
941,Herb,Mishow,hmishowq4@lycos.com,Male,237.47.245.92
942,Stanleigh,Gaize,sgaizeq5@naver.com,Male,243.161.104.76
943,Skip,Backshill,sbackshillq6@comsenz.com,Male,194.147.212.171
944,Ailyn,Denes,adenesq7@altervista.org,Female,108.150.204.71
945,Dulce,Petroff,dpetroffq8@topsy.com,Female,187.19.56.156
946,Beckie,Checchi,bchecchiq9@squidoo.com,Female,94.243.177.110
947,Lonnie,Coote,lcooteqa@springer.com,Polygender,109.175.118.255
948,Lorne,McMeyler,lmcmeylerqb@desdev.cn,Male,158.65.107.115
949,Theobald,Cunio,tcunioqc@liveinternet.ru,Polygender,2.49.80.201
950,Lexie,Hamblin,lhamblinqd@mediafire.com,Female,199.140.187.149
951,Osgood,Towers,otowersqe@arizona.edu,Male,57.62.172.135
952,Dianna,Jennings,djenningsqf@ihg.com,Female,115.177.47.250
953,Mel,Sunock,msunockqg@squarespace.com,Male,206.160.232.124
954,Minny,Beardall,mbeardallqh@arstechnica.com,Female,166.115.199.171
955,Philippe,Dawkes,pdawkesqi@sohu.com,Female,233.197.113.252
956,Arleyne,Wettern,awetternqj@clickbank.net,Female,250.162.139.30
957,Camala,Kopec,ckopecqk@buzzfeed.com,Female,248.117.145.243
958,Aubry,Vasilenko,avasilenkoql@adobe.com,Agender,37.0.47.81
959,Nalani,Cleyne,ncleyneqm@flickr.com,Female,247.97.100.26
960,Sholom,Bosworth,sbosworthqn@seesaa.net,Male,247.120.132.137
961,Tatiania,Rodden,troddenqo@businessinsider.com,Female,31.189.167.94
962,Clio,Rydzynski,crydzynskiqp@amazon.co.uk,Female,18.180.228.187
963,Sally,Zecchetti,szecchettiqq@webmd.com,Female,143.50.126.201
964,Brenden,Matzaitis,bmatzaitisqr@dyndns.org,Male,108.99.69.21
965,Reube,Baillie,rbaillieqs@smugmug.com,Male,24.72.165.16
966,Janey,McLise,jmcliseqt@g.co,Female,74.212.98.227
967,Niles,Curgenven,ncurgenvenqu@meetup.com,Male,223.73.0.75
968,Kelley,Jacobsohn,kjacobsohnqv@joomla.org,Male,233.159.240.199
969,Kellina,Jimpson,kjimpsonqw@gizmodo.com,Female,49.255.135.84
970,Vladimir,Bromilow,vbromilowqx@bbb.org,Male,242.225.21.137
971,Steward,Dimitresco,sdimitrescoqy@last.fm,Male,205.157.4.208
972,Ephraim,Trelevan,etrelevanqz@harvard.edu,Male,233.149.105.93
973,Erminia,Pitkeathly,epitkeathlyr0@upenn.edu,Female,222.190.201.166
974,Carmela,Truin,ctruinr1@google.ca,Female,19.53.0.100
975,Annabelle,Adkin,aadkinr2@theatlantic.com,Female,82.71.21.248
976,Sawyere,Teideman,steidemanr3@imageshack.us,Male,233.129.154.242
977,Ollie,Nussgen,onussgenr4@china.com.cn,Male,252.36.101.29
978,Cindy,Deverell,cdeverellr5@ed.gov,Female,168.75.107.157
979,Jean,Gudd,jguddr6@wikimedia.org,Female,106.133.49.132
980,Georgie,Luckin,gluckinr7@pbs.org,Male,52.4.146.78
981,Valerye,Dobel,vdobelr8@hubpages.com,Female,237.177.230.203
982,Sharla,Pask,spaskr9@businesswire.com,Female,38.192.12.84
983,Neilla,Harris,nharrisra@hibu.com,Female,128.128.35.57
984,Karlens,Malham,kmalhamrb@scientificamerican.com,Male,80.103.168.105
985,Mychal,Balderstone,mbalderstonerc@nationalgeographic.com,Male,197.242.113.191
986,Garrick,Paddemore,gpaddemorerd@topsy.com,Male,152.44.233.16
987,Bobine,Pynn,bpynnre@canalblog.com,Female,243.100.131.241
988,Garwood,Bathersby,gbathersbyrf@alibaba.com,Male,92.96.108.1
989,Randie,Scay,rscayrg@clickbank.net,Female,177.29.181.192
990,Jephthah,Donkersley,jdonkersleyrh@paypal.com,Male,57.214.185.131
991,Katheryn,Scotland,kscotlandri@deliciousdays.com,Female,180.209.28.107
992,Liane,Elsmore,lelsmorerj@weibo.com,Female,59.20.203.50
993,Rosalind,Ambresin,rambresinrk@google.fr,Genderqueer,86.250.159.190
994,Ellen,Pibsworth,epibsworthrl@youtube.com,Female,229.139.221.39
995,Augustina,Wombwell,awombwellrm@ning.com,Genderfluid,85.21.152.50
996,Allsun,McTeague,amcteaguern@moonfruit.com,Female,134.34.119.166
997,Viva,Epinoy,vepinoyro@cnbc.com,Female,93.2.144.250
998,Heall,Mallett,hmallettrp@google.it,Male,254.24.191.245
999,Conroy,Scandrett,cscandrettrq@cornell.edu,Male,150.254.219.221
1000,Romain,Bellfield,rbellfieldrr@acquirethisname.com,Male,126.167.43.188
